{
    "1": [
        0.942236602306366,
        2.301445484161377,
        45.29470342435763
    ],
    "2": [
        1.627118706703186,
        -2.32943058013916,
        -20.364779331188718
    ],
    "3": [
        2.0394749641418457,
        0.19603991508483887,
        -88.63483210450022
    ],
    "4": [
        3.4571645259857178,
        0.018262743949890137,
        91.36255011181483
    ],
    "5": [
        4.164758205413818,
        2.354996919631958,
        43.69140530915634
    ],
    "6": [
        4.380431175231934,
        -2.408015251159668,
        -88.6380696141668
    ],
    "7": [
        4.998316287994385,
        0.9799817800521851,
        91.36277550805747
    ],
    "8": [
        6.426004409790039,
        2.253570079803467,
        -36.620291461455146
    ],
    "9": [
        6.480412006378174,
        -2.3326525688171387,
        53.32271994458844
    ],
    "10": [
        6.497715187072754,
        0.04433584213256836,
        -175.046018597483639
    ]
}